Customer_Index,Churn_Probability,Churn_Predicted,Churn_Actual,Prediction_Correct,Risk_Level,Monetary_Predicted,Monetary_Actual
0,0.002,0,0,True,Faible,57.38,43.2
1,0.322,0,0,True,Moyen,832.76,901.2
2,0.996,1,1,True,Critique,518.62,519.68
3,0.01,0,0,True,Faible,1557.42,1744.76
4,0.061,0,1,False,Faible,2852.36,2380.64
5,0.103,0,0,True,Faible,348.15,333.48
6,0.997,1,1,True,Critique,521.34,681.08
7,0.999,1,1,True,Critique,97.79,84.3
8,0.0,0,0,True,Faible,4078.8,4965.38
9,0.968,1,0,False,Critique,1771.96,3029.87
10,0.005,0,0,True,Faible,777.26,876.29
11,0.923,1,1,True,Critique,281.06,283.28
12,0.063,0,1,False,Faible,222.02,216.76
13,0.971,1,1,True,Critique,611.05,554.22
14,0.0,0,0,True,Faible,793.08,910.72
15,0.637,1,1,True,Élevé,1028.6,980.98
16,0.267,0,0,True,Faible,775.55,612.43
17,0.683,1,1,True,Élevé,555.1,958.9
18,0.826,1,1,True,Critique,-362.54,-1592.49
19,0.003,0,0,True,Faible,513.11,476.96
20,0.046,0,0,True,Faible,132.47,141.27
21,0.008,0,0,True,Faible,978.14,974.04
22,0.021,0,1,False,Faible,761.2,781.36
23,0.0,0,0,True,Faible,3130.18,2059.2
24,0.628,1,1,True,Élevé,63.19,64.23
25,0.001,0,0,True,Faible,3177.11,3054.87
26,0.0,0,0,True,Faible,1106.01,982.38
27,0.992,1,1,True,Critique,194.84,184.64
28,0.0,0,1,False,Faible,906.54,500.0
29,0.322,0,0,True,Moyen,543.24,526.67
30,0.075,0,0,True,Faible,767.15,1247.5
31,0.69,1,0,False,Élevé,1741.46,2030.33
32,0.878,1,1,True,Critique,542.15,569.56
33,0.218,0,0,True,Faible,314.39,274.15
34,0.952,1,1,True,Critique,440.01,574.0
35,0.17,0,0,True,Faible,404.76,337.49
36,0.0,0,0,True,Faible,1292.81,813.52
37,0.971,1,0,False,Critique,1097.58,1233.36
38,0.0,0,0,True,Faible,3441.95,3543.26
39,0.988,1,1,True,Critique,302.08,275.28
40,0.076,0,1,False,Faible,159.46,151.74
41,0.985,1,1,True,Critique,154.75,155.17
42,0.443,0,0,True,Moyen,133.36,133.4
43,1.0,1,1,True,Critique,388.52,393.33
44,0.406,0,1,False,Moyen,178.93,178.7
45,0.135,0,1,False,Faible,747.76,724.04
46,0.365,0,0,True,Moyen,1033.35,1320.56
47,0.02,0,0,True,Faible,168.77,120.03
48,0.168,0,0,True,Faible,171.95,118.98
49,1.0,1,1,True,Critique,218.15,211.5
50,0.178,0,1,False,Faible,600.16,534.85
51,0.629,1,0,False,Élevé,223.2,215.08
52,0.0,0,0,True,Faible,1129.4,897.43
53,0.475,0,0,True,Moyen,1141.47,1000.23
54,0.0,0,0,True,Faible,3674.17,3160.0
55,0.944,1,1,True,Critique,17.7,12.75
56,0.091,0,0,True,Faible,318.64,309.65
57,0.995,1,1,True,Critique,443.19,455.25
58,0.001,0,1,False,Faible,1908.44,1839.31
59,0.007,0,0,True,Faible,4334.61,3563.85
60,0.0,0,0,True,Faible,6481.12,7116.47
61,0.993,1,1,True,Critique,1123.42,1396.99
62,0.029,0,1,False,Faible,680.56,682.41
63,0.038,0,1,False,Faible,95.94,91.32
64,0.031,0,0,True,Faible,1021.31,1119.49
65,0.388,0,0,True,Moyen,1980.18,2140.63
66,0.002,0,0,True,Faible,373.32,361.62
67,0.82,1,1,True,Critique,241.83,178.47
68,0.0,0,1,False,Faible,6613.58,7741.47
69,0.289,0,0,True,Faible,148.97,145.35
70,0.316,0,1,False,Moyen,368.84,454.9
71,0.328,0,1,False,Moyen,1054.09,865.6
72,0.016,0,0,True,Faible,645.57,528.33
73,1.0,1,1,True,Critique,247.48,218.45
74,0.0,0,0,True,Faible,1633.24,1197.42
75,0.057,0,0,True,Faible,86.27,71.66
76,0.226,0,0,True,Faible,285.29,272.04
77,0.089,0,0,True,Faible,446.78,382.98
78,0.842,1,0,False,Critique,394.2,438.46
79,0.071,0,0,True,Faible,805.12,929.95
80,0.0,0,0,True,Faible,2068.3,2666.61
81,0.86,1,1,True,Critique,832.57,881.07
82,0.0,0,0,True,Faible,1902.96,1785.16
83,0.0,0,0,True,Faible,2168.61,1624.05
84,0.997,1,1,True,Critique,172.45,171.45
85,0.059,0,0,True,Faible,1293.21,1310.14
86,0.001,0,0,True,Faible,1835.02,1875.11
87,0.028,0,0,True,Faible,2498.36,2630.64
88,0.14,0,0,True,Faible,317.5,220.62
89,0.638,1,0,False,Élevé,1147.31,1122.41
90,0.854,1,1,True,Critique,65.57,59.5
91,0.037,0,0,True,Faible,557.15,472.12
92,0.988,1,1,True,Critique,363.48,358.38
93,0.998,1,1,True,Critique,115.51,116.2
94,0.002,0,0,True,Faible,2872.43,2867.2
95,0.092,0,0,True,Faible,1402.38,1447.51
96,0.024,0,0,True,Faible,2500.41,2686.34
97,0.004,0,0,True,Faible,98.5,71.0
98,0.002,0,0,True,Faible,1607.89,1758.92
99,0.009,0,0,True,Faible,281.76,181.67
100,0.003,0,0,True,Faible,8977.18,10183.82
101,0.0,0,0,True,Faible,4519.48,4786.99
102,0.007,0,0,True,Faible,1311.59,1446.09
103,0.952,1,1,True,Critique,552.33,631.9
104,0.0,0,0,True,Faible,5968.66,7454.07
105,0.495,0,0,True,Moyen,151.65,126.25
106,0.184,0,0,True,Faible,361.57,340.11
107,0.993,1,0,False,Critique,1611.1,1698.94
108,0.073,0,0,True,Faible,775.58,800.24
109,0.343,0,0,True,Moyen,1659.51,1266.08
110,0.016,0,0,True,Faible,988.24,921.1
111,0.035,0,0,True,Faible,384.01,347.3
112,0.0,0,0,True,Faible,6085.48,6229.48
113,0.0,0,0,True,Faible,3455.51,3482.74
114,0.0,0,0,True,Faible,2562.73,2156.45
115,0.004,0,0,True,Faible,1162.73,1346.38
116,0.078,0,0,True,Faible,307.49,303.16
117,0.021,0,0,True,Faible,269.94,270.8
118,0.798,1,1,True,Élevé,1107.61,1009.55
119,0.73,1,0,False,Élevé,844.36,895.13
120,0.993,1,1,True,Critique,384.02,336.96
121,0.637,1,0,False,Élevé,778.59,848.59
122,0.999,1,1,True,Critique,167.68,166.04
123,0.712,1,1,True,Élevé,430.1,397.29
124,0.01,0,0,True,Faible,425.24,703.47
125,0.998,1,1,True,Critique,152.24,151.85
126,0.603,1,1,True,Élevé,3173.84,1998.0
127,0.031,0,0,True,Faible,808.29,718.08
128,0.046,0,0,True,Faible,999.35,1039.3
129,0.001,0,0,True,Faible,1694.28,1446.95
130,0.001,0,0,True,Faible,1692.16,1788.27
131,0.001,0,0,True,Faible,684.33,684.41
132,0.949,1,0,False,Critique,102.64,101.7
133,0.462,0,0,True,Moyen,723.77,826.52
134,0.239,0,0,True,Faible,326.13,322.8
135,0.198,0,0,True,Faible,746.07,763.28
136,0.009,0,0,True,Faible,924.6,890.34
137,0.056,0,0,True,Faible,4140.85,4366.78
138,0.025,0,0,True,Faible,454.11,510.54
139,0.987,1,1,True,Critique,169.82,164.4
140,0.001,0,0,True,Faible,462.51,413.75
141,0.015,0,0,True,Faible,2986.28,3189.81
142,0.012,0,0,True,Faible,1258.38,1610.46
143,0.216,0,0,True,Faible,1829.41,1432.26
144,0.0,0,0,True,Faible,2438.3,1620.93
145,0.333,0,0,True,Moyen,303.11,303.26
146,0.105,0,0,True,Faible,1512.01,1917.78
147,0.0,0,0,True,Faible,13930.79,26763.34
148,0.029,0,1,False,Faible,67.44,64.0
149,0.266,0,0,True,Faible,176.25,176.6
150,0.009,0,0,True,Faible,215.69,184.19
151,0.0,0,0,True,Faible,3006.0,2556.68
152,0.006,0,0,True,Faible,901.74,724.0
153,0.87,1,1,True,Critique,97.3,89.14
154,1.0,1,1,True,Critique,133.81,133.35
155,0.536,1,1,True,Moyen,290.0,236.78
156,0.003,0,0,True,Faible,9892.97,20272.43
157,0.0,0,0,True,Faible,2498.39,2538.75
158,0.915,1,1,True,Critique,419.18,412.58
159,0.23,0,1,False,Faible,-19.93,-32.0
160,0.163,0,0,True,Faible,178.64,167.67
161,0.032,0,0,True,Faible,545.59,523.11
162,0.825,1,0,False,Critique,91.4,80.8
163,0.0,0,0,True,Faible,2262.79,2838.2
164,0.329,0,0,True,Moyen,1851.4,1719.72
165,0.076,0,0,True,Faible,222.09,208.75
166,0.256,0,0,True,Faible,242.11,239.41
167,0.99,1,1,True,Critique,463.73,403.3
168,0.0,0,0,True,Faible,1252.28,1893.95
169,0.999,1,1,True,Critique,369.53,348.15
170,0.995,1,1,True,Critique,1065.45,1345.62
171,0.0,0,0,True,Faible,2449.21,1622.22
172,0.118,0,0,True,Faible,179.0,167.62
173,0.0,0,0,True,Faible,5858.3,4913.32
174,0.001,0,0,True,Faible,1055.57,920.05
175,0.999,1,1,True,Critique,393.49,399.99
176,0.999,1,1,True,Critique,365.32,499.68
177,0.022,0,0,True,Faible,2016.93,1863.35
178,0.223,0,0,True,Faible,1562.88,1367.61
179,0.011,0,0,True,Faible,694.86,663.63
180,0.895,1,1,True,Critique,495.2,508.46
181,0.272,0,0,True,Faible,774.82,604.64
182,0.003,0,0,True,Faible,1039.88,869.46
183,0.219,0,1,False,Faible,130.16,125.92
184,0.142,0,0,True,Faible,528.37,575.4
185,0.058,0,0,True,Faible,2483.3,2024.45
186,0.912,1,1,True,Critique,196.8,193.64
187,0.037,0,0,True,Faible,102.01,89.94
188,0.033,0,0,True,Faible,1029.85,1070.65
189,0.997,1,1,True,Critique,325.87,324.92
190,0.0,0,0,True,Faible,4820.6,3563.11
191,0.058,0,0,True,Faible,872.06,616.79
192,1.0,1,1,True,Critique,479.59,492.65
193,0.0,0,0,True,Faible,9886.11,7076.28
194,0.0,0,0,True,Faible,5139.66,6763.16
195,0.007,0,0,True,Faible,1329.93,717.45
196,0.0,0,0,True,Faible,3076.77,3465.67
197,0.263,0,1,False,Faible,512.49,497.61
198,0.0,0,0,True,Faible,4300.41,4277.66
199,0.0,0,0,True,Faible,3252.69,3578.8
200,0.731,1,1,True,Élevé,1479.98,1760.96
201,0.233,0,0,True,Faible,346.99,341.36
202,0.095,0,0,True,Faible,910.03,1013.04
203,0.231,0,1,False,Faible,1045.82,1314.45
204,0.688,1,1,True,Élevé,1142.85,1352.91
205,0.071,0,0,True,Faible,667.88,631.57
206,0.0,0,0,True,Faible,2051.28,2504.86
207,0.0,0,0,True,Faible,3211.07,3817.08
208,0.055,0,0,True,Faible,3107.7,3295.76
209,1.0,1,1,True,Critique,369.45,374.57
210,0.0,0,0,True,Faible,3925.11,4154.64
211,0.0,0,0,True,Faible,4869.19,5656.75
212,0.0,0,0,True,Faible,2278.39,2024.95
213,0.012,0,0,True,Faible,1172.91,1066.57
214,0.284,0,0,True,Faible,414.25,406.76
215,0.048,0,0,True,Faible,1368.57,1158.3
216,0.073,0,0,True,Faible,257.16,388.14
217,0.709,1,1,True,Élevé,1139.32,1246.32
218,0.966,1,1,True,Critique,328.84,328.8
219,0.988,1,1,True,Critique,200.79,187.92
220,0.949,1,1,True,Critique,420.53,557.3
221,0.32,0,0,True,Moyen,4573.3,5203.51
222,0.078,0,1,False,Faible,286.47,213.85
223,0.056,0,0,True,Faible,533.03,508.58
224,0.015,0,0,True,Faible,361.02,351.13
225,0.817,1,1,True,Critique,3110.57,2651.46
226,0.003,0,0,True,Faible,2222.36,2166.38
227,0.242,0,0,True,Faible,202.8,199.8
228,0.018,0,0,True,Faible,1782.72,1662.3
229,0.001,0,0,True,Faible,1940.76,1447.14
230,0.014,0,0,True,Faible,425.19,428.89
231,0.007,0,0,True,Faible,935.0,851.01
232,0.02,0,0,True,Faible,2608.64,2761.49
233,0.0,0,0,True,Faible,3681.93,3693.81
234,0.209,0,0,True,Faible,304.26,214.65
235,0.0,0,0,True,Faible,2297.97,2094.88
236,0.59,1,0,False,Moyen,552.14,497.43
237,0.251,0,0,True,Faible,1176.91,1126.85
238,0.778,1,1,True,Élevé,754.05,683.17
239,0.328,0,0,True,Moyen,509.06,501.12
240,0.008,0,0,True,Faible,10326.94,5150.27
241,0.891,1,1,True,Critique,181.83,179.1
242,0.125,0,0,True,Faible,571.91,485.24
243,0.953,1,1,True,Critique,174.73,155.9
244,0.361,0,1,False,Moyen,505.94,457.91
245,0.001,0,0,True,Faible,323.12,270.86
246,0.552,1,0,False,Moyen,693.19,677.69
247,0.0,0,0,True,Faible,1140.2,1240.0
248,0.258,0,1,False,Faible,318.73,381.7
249,0.579,1,1,True,Moyen,237.55,205.1
250,0.0,0,0,True,Faible,5428.85,8689.39
251,0.463,0,0,True,Moyen,727.95,681.91
252,0.002,0,0,True,Faible,1611.16,1272.61
253,0.981,1,1,True,Critique,292.23,292.47
254,0.086,0,0,True,Faible,1765.22,1377.92
255,0.063,0,0,True,Faible,580.46,689.1
256,0.006,0,0,True,Faible,838.73,694.05
257,0.122,0,0,True,Faible,1768.92,2232.49
258,0.02,0,0,True,Faible,491.88,440.78
259,0.977,1,1,True,Critique,234.19,232.21
260,0.046,0,0,True,Faible,151.92,152.94
261,0.909,1,1,True,Critique,101.45,101.7
262,0.0,0,0,True,Faible,2127.36,2265.38
263,0.037,0,1,False,Faible,486.63,534.47
264,0.17,0,0,True,Faible,440.77,443.6
265,0.753,1,1,True,Élevé,209.51,162.29
266,0.0,0,0,True,Faible,2264.34,3286.91
267,0.0,0,0,True,Faible,2313.68,1952.45
268,0.02,0,0,True,Faible,223.17,195.25
269,0.06,0,1,False,Faible,-334.83,-451.42
270,0.955,1,1,True,Critique,670.86,599.68
271,0.99,1,1,True,Critique,341.79,339.6
272,0.001,0,0,True,Faible,1968.84,1826.21
273,1.0,1,1,True,Critique,154.54,155.0
274,0.064,0,0,True,Faible,1374.92,1967.25
275,0.002,0,0,True,Faible,3851.85,2848.23
276,0.997,1,1,True,Critique,262.59,257.23
277,0.998,1,1,True,Critique,143.89,142.4
278,0.999,1,1,True,Critique,295.13,154.99
279,0.005,0,0,True,Faible,3516.54,2906.85
280,0.005,0,0,True,Faible,1065.82,859.27
281,0.009,0,0,True,Faible,1104.03,981.18
282,0.951,1,1,True,Critique,-33.25,-31.65
283,0.031,0,0,True,Faible,269.3,247.32
284,0.997,1,1,True,Critique,203.08,199.15
285,0.008,0,0,True,Faible,310.55,196.79
286,0.002,0,0,True,Faible,1438.39,1131.28
287,0.064,0,0,True,Faible,290.71,255.4
288,0.911,1,1,True,Critique,558.07,590.34
289,0.007,0,0,True,Faible,1060.05,1033.31
290,0.999,1,1,True,Critique,151.22,131.17
291,0.95,1,0,False,Critique,1531.31,1236.28
292,0.003,0,0,True,Faible,3417.2,3626.81
293,0.323,0,0,True,Moyen,2863.9,3075.04
294,0.005,0,0,True,Faible,1481.53,1706.28
295,0.02,0,0,True,Faible,621.9,657.3
296,1.0,1,1,True,Critique,536.26,534.57
297,0.031,0,0,True,Faible,364.9,310.64
298,0.019,0,1,False,Faible,1355.15,1317.62
299,0.091,0,1,False,Faible,361.72,355.11
300,0.776,1,0,False,Élevé,1623.82,1842.14
301,0.03,0,0,True,Faible,1177.59,597.5
302,0.835,1,0,False,Critique,1391.11,1260.33
303,0.096,0,0,True,Faible,9918.97,17588.26
304,0.995,1,1,True,Critique,1221.72,1269.99
305,0.339,0,0,True,Moyen,585.3,426.81
306,0.201,0,1,False,Faible,190.21,190.55
307,0.099,0,0,True,Faible,342.59,345.0
308,0.008,0,0,True,Faible,222.13,190.19
309,0.011,0,0,True,Faible,330.88,331.95
310,0.01,0,0,True,Faible,167.15,127.86
311,0.043,0,0,True,Faible,153.02,149.29
312,0.994,1,1,True,Critique,973.25,1019.76
313,0.969,1,1,True,Critique,311.08,267.03
314,0.213,0,1,False,Faible,136.03,135.4
315,0.003,0,0,True,Faible,1519.69,1256.19
316,0.01,0,0,True,Faible,1249.43,1370.87
317,0.008,0,0,True,Faible,192.99,155.37
318,0.035,0,0,True,Faible,231.67,229.64
319,0.042,0,0,True,Faible,4463.64,3787.09
320,0.011,0,0,True,Faible,163.64,154.88
321,0.008,0,0,True,Faible,409.18,292.0
322,0.001,0,0,True,Faible,3384.85,2295.37
323,0.0,0,1,False,Faible,294.07,243.36
324,0.0,0,0,True,Faible,2991.72,3744.65
325,0.664,1,0,False,Élevé,158.76,226.75
326,0.571,1,0,False,Moyen,589.55,653.13
327,0.0,0,0,True,Faible,2959.71,3754.27
328,0.044,0,0,True,Faible,2540.65,2744.48
329,0.205,0,1,False,Faible,587.75,632.4
330,0.073,0,1,False,Faible,227.73,230.4
331,0.001,0,1,False,Faible,488.57,300.92
332,0.11,0,1,False,Faible,661.51,699.08
333,0.088,0,0,True,Faible,71.88,65.4
334,0.115,0,1,False,Faible,2142.94,1887.2
335,0.906,1,0,False,Critique,1797.42,1621.73
336,0.889,1,0,False,Critique,825.96,810.5
337,0.274,0,0,True,Faible,714.64,1759.5
338,0.969,1,1,True,Critique,587.85,664.54
339,0.141,0,0,True,Faible,1392.42,1809.81
340,0.053,0,0,True,Faible,87.99,76.8
341,0.039,0,0,True,Faible,392.03,372.22
342,0.004,0,0,True,Faible,2455.08,1511.3
343,0.555,1,1,True,Moyen,551.46,473.81
344,0.001,0,0,True,Faible,4950.89,5450.96
345,0.142,0,1,False,Faible,335.41,318.05
346,0.067,0,1,False,Faible,1906.2,1936.84
347,0.997,1,1,True,Critique,313.19,299.56
348,0.001,0,0,True,Faible,2568.77,2303.75
349,0.006,0,0,True,Faible,64.31,45.6
350,0.103,0,1,False,Faible,793.8,935.06
351,0.72,1,0,False,Élevé,1105.5,1517.08
352,0.001,0,0,True,Faible,3818.2,4495.27
353,0.485,0,1,False,Moyen,912.29,826.53
354,0.017,0,0,True,Faible,1185.3,1032.58
355,0.0,0,0,True,Faible,7303.01,7066.31
356,0.02,0,0,True,Faible,3133.31,3312.25
357,0.0,0,0,True,Faible,3071.53,3362.71
358,0.03,0,0,True,Faible,504.47,467.66
359,0.002,0,0,True,Faible,1445.16,1623.63
360,0.016,0,0,True,Faible,1383.3,1124.01
361,0.627,1,0,False,Élevé,3832.39,4627.62
362,0.293,0,0,True,Faible,1746.84,1562.22
363,0.007,0,0,True,Faible,846.17,804.49
364,0.818,1,1,True,Critique,1294.86,1341.65
365,0.078,0,0,True,Faible,228.66,223.88
366,0.013,0,0,True,Faible,84.09,75.75
367,0.01,0,0,True,Faible,974.12,680.28
368,0.301,0,0,True,Moyen,114.61,117.47
369,0.987,1,1,True,Critique,162.77,163.0
370,0.201,0,0,True,Faible,1762.54,1776.81
371,0.263,0,1,False,Faible,-5.28,-4.5
372,0.005,0,1,False,Faible,1973.57,3723.87
373,0.0,0,0,True,Faible,1540.8,1070.71
374,0.841,1,1,True,Critique,450.25,582.05
375,0.975,1,1,True,Critique,142.5,135.75
376,0.001,0,1,False,Faible,1952.64,1485.13
377,0.164,0,1,False,Faible,336.84,346.75
378,0.004,0,0,True,Faible,4142.25,3038.67
379,0.825,1,1,True,Critique,-30.58,-29.95
380,0.796,1,1,True,Élevé,338.2,318.65
381,0.155,0,1,False,Faible,443.95,496.38
382,0.051,0,1,False,Faible,534.37,358.56
383,0.291,0,0,True,Faible,1080.76,1108.38
384,1.0,1,1,True,Critique,333.36,334.4
385,0.001,0,0,True,Faible,5994.46,6654.26
386,0.122,0,0,True,Faible,2381.3,1862.0
387,0.069,0,0,True,Faible,13433.23,8933.52
388,0.029,0,0,True,Faible,906.61,668.11
389,0.975,1,1,True,Critique,225.07,167.25
390,0.007,0,0,True,Faible,489.51,384.52
391,0.808,1,1,True,Critique,213.78,142.5
392,0.085,0,0,True,Faible,575.63,549.84
393,0.004,0,0,True,Faible,1719.88,1307.81
394,0.001,0,0,True,Faible,1601.82,1542.14
395,0.055,0,0,True,Faible,135.87,116.01
396,0.005,0,0,True,Faible,210.59,190.88
397,0.138,0,1,False,Faible,83.7,87.5
398,0.03,0,0,True,Faible,1153.92,1019.39
399,0.013,0,0,True,Faible,1299.97,1033.34
400,0.584,1,0,False,Moyen,3832.84,4199.85
401,0.01,0,0,True,Faible,378.78,347.75
402,0.684,1,0,False,Élevé,2093.14,2201.64
403,0.0,0,0,True,Faible,2521.65,2486.22
404,0.02,0,0,True,Faible,688.62,646.68
405,0.489,0,1,False,Moyen,342.05,351.3
406,0.752,1,0,False,Élevé,389.88,382.8
407,0.0,0,0,True,Faible,1920.71,1319.69
408,0.024,0,0,True,Faible,658.14,480.92
409,0.02,0,1,False,Faible,2317.31,1133.07
410,0.036,0,0,True,Faible,668.84,654.92
411,0.998,1,1,True,Critique,133.51,116.01
412,0.0,0,0,True,Faible,6053.17,0.0
413,0.975,1,1,True,Critique,543.22,532.94
414,0.068,0,0,True,Faible,2778.43,2841.09
415,0.866,1,1,True,Critique,649.11,610.01
416,0.627,1,1,True,Élevé,336.0,240.0
417,0.003,0,0,True,Faible,1543.76,1391.61
418,0.998,1,1,True,Critique,129.46,127.15
419,0.256,0,0,True,Faible,1152.47,1118.99
420,0.252,0,0,True,Faible,973.54,892.47
421,0.962,1,1,True,Critique,259.78,231.1
422,0.002,0,0,True,Faible,1144.09,1106.53
423,0.0,0,0,True,Faible,7029.1,4236.34
424,0.204,0,0,True,Faible,473.23,490.52
425,0.0,0,1,False,Faible,1039.15,716.0
426,0.13,0,0,True,Faible,743.61,667.65
427,0.983,1,1,True,Critique,215.45,166.85
428,0.015,0,0,True,Faible,728.36,614.01
429,0.006,0,0,True,Faible,782.49,867.11
430,0.004,0,0,True,Faible,1116.47,936.16
431,0.036,0,0,True,Faible,1666.75,1398.96
432,0.293,0,0,True,Faible,251.55,223.92
433,0.994,1,0,False,Critique,594.6,622.75
434,0.01,0,0,True,Faible,421.36,380.47
435,0.955,1,1,True,Critique,11.87,3.75
436,0.999,1,1,True,Critique,265.48,386.15
437,0.017,0,0,True,Faible,236.04,144.0
438,0.161,0,0,True,Faible,182.18,166.08
439,0.004,0,0,True,Faible,1229.54,907.1
440,0.007,0,0,True,Faible,126.16,125.22
441,0.004,0,0,True,Faible,503.04,486.72
442,0.0,0,0,True,Faible,2754.01,2709.12
443,0.0,0,0,True,Faible,12877.37,10930.26
444,0.022,0,0,True,Faible,934.53,671.69
445,0.212,0,0,True,Faible,215.28,216.17
446,0.454,0,0,True,Moyen,310.59,258.83
447,0.389,0,1,False,Moyen,439.98,458.92
448,0.012,0,0,True,Faible,219.99,213.3
449,0.982,1,1,True,Critique,482.73,506.8
450,0.042,0,0,True,Faible,1086.56,1289.94
451,0.342,0,0,True,Moyen,374.79,314.11
452,0.0,0,0,True,Faible,13227.78,16173.67
453,1.0,1,1,True,Critique,449.7,416.64
454,0.01,0,0,True,Faible,4940.14,4206.27
455,0.151,0,0,True,Faible,456.21,388.52
456,0.3,0,0,True,Faible,845.59,834.57
457,0.008,0,0,True,Faible,653.74,490.86
458,0.0,0,0,True,Faible,6188.7,6249.11
459,0.239,0,0,True,Faible,171.46,171.19
460,0.995,1,1,True,Critique,-26.87,-71.46
461,0.218,0,1,False,Faible,247.99,254.73
462,0.015,0,0,True,Faible,2053.75,2786.05
463,0.892,1,1,True,Critique,271.19,232.15
464,0.786,1,1,True,Élevé,808.7,904.67
465,0.014,0,1,False,Faible,116.38,114.1
466,0.863,1,1,True,Critique,964.3,962.19
467,0.0,0,0,True,Faible,1700.84,1661.44
468,0.001,0,0,True,Faible,3076.66,2635.49
469,0.999,1,1,True,Critique,337.96,495.77
470,0.025,0,0,True,Faible,1429.08,1641.48
471,0.05,0,0,True,Faible,930.91,1268.7
472,0.543,1,0,False,Moyen,419.1,357.2
473,0.632,1,0,False,Élevé,2961.06,2755.56
474,0.915,1,1,True,Critique,312.73,312.14
475,0.928,1,0,False,Critique,1057.07,1539.18
476,0.169,0,0,True,Faible,295.47,276.42
477,0.417,0,0,True,Moyen,103.7,74.4
478,0.0,0,1,False,Faible,1649.52,244.8
479,0.01,0,0,True,Faible,2252.82,1843.75
480,0.998,1,1,True,Critique,739.12,846.72
481,0.712,1,1,True,Élevé,776.43,331.0
482,0.737,1,1,True,Élevé,269.31,241.09
483,1.0,1,1,True,Critique,417.9,406.48
484,0.0,0,0,True,Faible,13249.83,31300.08
485,0.866,1,1,True,Critique,302.37,302.27
486,0.115,0,0,True,Faible,2258.38,1827.8
487,0.771,1,1,True,Élevé,332.24,313.62
488,0.001,0,0,True,Faible,2335.13,2210.26
489,0.341,0,1,False,Moyen,385.07,377.2
490,0.766,1,1,True,Élevé,376.42,306.94
491,0.027,0,0,True,Faible,572.38,446.18
492,0.225,0,0,True,Faible,231.79,225.77
493,0.54,1,0,False,Moyen,318.81,252.73
494,0.923,1,1,True,Critique,203.58,203.1
495,0.404,0,0,True,Moyen,426.18,285.74
496,0.668,1,0,False,Élevé,84.83,81.57
497,0.999,1,1,True,Critique,457.7,439.03
498,0.002,0,0,True,Faible,1156.85,697.79
499,0.002,0,0,True,Faible,456.77,358.63
500,0.003,0,0,True,Faible,726.29,606.28
501,0.083,0,0,True,Faible,637.11,584.07
502,0.913,1,1,True,Critique,191.35,185.4
503,0.37,0,0,True,Moyen,847.66,737.81
504,0.95,1,1,True,Critique,377.48,362.95
505,0.985,1,1,True,Critique,143.65,142.4
506,1.0,1,1,True,Critique,258.71,257.7
507,0.018,0,0,True,Faible,1079.95,1104.23
508,0.015,0,0,True,Faible,368.98,314.69
509,0.938,1,1,True,Critique,343.58,379.4
510,0.141,0,0,True,Faible,634.8,417.87
511,0.024,0,0,True,Faible,325.27,318.17
512,0.95,1,1,True,Critique,164.44,287.02
513,0.999,1,1,True,Critique,232.5,229.59
514,0.0,0,0,True,Faible,1808.86,1765.76
515,0.987,1,1,True,Critique,133.0,114.56
516,0.141,0,0,True,Faible,1341.69,1910.01
517,0.021,0,0,True,Faible,936.28,945.58
518,0.999,1,1,True,Critique,217.63,217.2
519,0.11,0,0,True,Faible,715.84,706.7
520,0.264,0,1,False,Faible,2544.84,1390.5
521,0.023,0,0,True,Faible,1195.61,1103.92
522,0.034,0,0,True,Faible,654.5,575.41
523,0.104,0,1,False,Faible,89.89,52.0
524,0.138,0,1,False,Faible,715.59,629.69
525,0.637,1,1,True,Élevé,186.94,181.0
526,0.153,0,0,True,Faible,192.04,144.91
527,0.998,1,1,True,Critique,245.89,239.49
528,0.032,0,0,True,Faible,453.85,431.26
529,0.0,0,0,True,Faible,2489.89,1889.4
530,0.991,1,0,False,Critique,716.93,511.88
531,0.206,0,1,False,Faible,672.13,710.29
532,0.018,0,0,True,Faible,1941.08,1755.38
533,0.005,0,0,True,Faible,1880.79,1546.91
534,0.0,0,0,True,Faible,1578.82,1520.12
535,0.151,0,0,True,Faible,228.38,191.32
536,0.0,0,0,True,Faible,15449.4,279489.02
537,0.021,0,1,False,Faible,526.57,540.45
538,0.006,0,0,True,Faible,1664.75,1362.27
539,0.004,0,0,True,Faible,253.44,245.1
540,0.931,1,0,False,Critique,427.86,621.68
541,0.378,0,1,False,Moyen,925.64,922.39
542,0.831,1,0,False,Critique,1470.31,1655.76
543,0.076,0,0,True,Faible,866.69,1592.06
544,0.983,1,1,True,Critique,316.52,371.88
545,0.0,0,0,True,Faible,2737.37,3755.65
546,0.03,0,0,True,Faible,2191.22,2571.74
547,0.108,0,0,True,Faible,439.82,375.35
548,0.018,0,0,True,Faible,594.34,598.73
549,0.005,0,0,True,Faible,11516.34,11895.57
550,0.0,0,0,True,Faible,1875.51,1925.36
551,1.0,1,1,True,Critique,362.9,378.3
552,0.001,0,0,True,Faible,1424.18,1555.32
553,0.817,1,1,True,Critique,332.85,303.93
554,0.0,0,0,True,Faible,9297.62,7677.71
555,0.007,0,0,True,Faible,738.36,584.06
556,0.016,0,0,True,Faible,725.26,600.07
557,0.928,1,1,True,Critique,429.4,437.7
558,0.979,1,1,True,Critique,601.42,673.1
559,0.984,1,1,True,Critique,287.55,219.52
560,0.969,1,1,True,Critique,242.78,255.12
561,0.987,1,1,True,Critique,156.8,157.09
562,0.203,0,0,True,Faible,506.48,470.76
563,0.004,0,0,True,Faible,3058.82,1780.59
564,0.0,0,0,True,Faible,3184.92,3797.79
565,0.085,0,0,True,Faible,1814.68,1737.82
566,0.772,1,1,True,Élevé,154.12,147.09
567,0.105,0,0,True,Faible,189.25,168.12
568,0.981,1,1,True,Critique,313.98,305.75
569,0.509,1,1,True,Moyen,3182.57,3717.35
570,0.004,0,0,True,Faible,2173.89,2003.85
571,0.13,0,0,True,Faible,467.7,323.69
572,0.056,0,0,True,Faible,8152.79,5083.06
573,0.083,0,0,True,Faible,163.17,140.34
574,0.005,0,0,True,Faible,2165.02,1843.0
575,0.515,1,0,False,Moyen,887.35,992.71
576,0.0,0,0,True,Faible,8673.05,10097.37
577,0.494,0,0,True,Moyen,261.92,213.27
578,0.63,1,1,True,Élevé,281.12,275.88
579,0.087,0,0,True,Faible,2330.86,3409.66
580,0.005,0,0,True,Faible,443.19,413.59
581,0.881,1,1,True,Critique,317.28,406.08
582,0.0,0,0,True,Faible,1948.05,1821.52
583,0.065,0,0,True,Faible,225.85,210.31
584,0.265,0,0,True,Faible,1905.22,2202.99
585,0.029,0,0,True,Faible,321.61,398.7
586,1.0,1,1,True,Critique,206.58,207.15
587,0.02,0,0,True,Faible,1473.77,1096.67
588,0.62,1,0,False,Élevé,12823.22,14634.64
589,0.986,1,1,True,Critique,76.52,76.55
590,0.0,0,0,True,Faible,2018.96,1614.91
591,0.999,1,1,True,Critique,269.14,264.7
592,0.998,1,1,True,Critique,176.62,158.85
593,0.696,1,1,True,Élevé,1459.49,1740.0
594,0.017,0,0,True,Faible,8725.84,4410.14
595,0.065,0,0,True,Faible,513.68,517.36
596,0.001,0,0,True,Faible,1849.06,2095.13
597,0.012,0,0,True,Faible,790.51,312.62
598,0.186,0,0,True,Faible,1382.06,1430.94
599,0.811,1,1,True,Critique,167.62,157.02
600,0.025,0,0,True,Faible,113.91,182.77
601,0.048,0,0,True,Faible,951.86,874.59
602,0.998,1,1,True,Critique,1345.26,1829.04
603,0.0,0,0,True,Faible,3359.01,3605.08
604,0.954,1,1,True,Critique,138.11,114.56
605,0.0,0,0,True,Faible,11041.13,12396.46
606,0.085,0,0,True,Faible,591.86,585.79
607,0.003,0,0,True,Faible,4084.23,5595.77
608,0.007,0,0,True,Faible,228.09,223.36
609,0.022,0,0,True,Faible,1703.15,1389.41
610,0.07,0,0,True,Faible,143.57,121.18
611,0.0,0,0,True,Faible,3319.28,4709.22
612,0.019,0,0,True,Faible,706.87,680.99
613,0.855,1,1,True,Critique,2737.58,3246.09
614,0.83,1,0,False,Critique,623.07,507.05
615,0.661,1,0,False,Élevé,149.5,144.0
616,0.2,0,1,False,Faible,1296.42,1108.65
617,0.0,0,0,True,Faible,440.71,326.4
618,0.015,0,0,True,Faible,1233.45,1127.71
619,0.894,1,1,True,Critique,139.9,139.26
620,0.007,0,0,True,Faible,158.86,151.3
621,0.0,0,0,True,Faible,3366.47,4109.97
622,0.999,1,1,True,Critique,194.55,147.12
623,0.997,1,1,True,Critique,313.5,310.05
624,0.013,0,0,True,Faible,450.45,379.45
625,0.003,0,0,True,Faible,414.71,522.38
626,0.034,0,0,True,Faible,377.82,288.14
627,0.066,0,0,True,Faible,839.38,995.65
628,0.026,0,0,True,Faible,2526.89,2107.66
629,0.907,1,1,True,Critique,146.12,141.41
630,0.009,0,0,True,Faible,261.26,223.65
631,0.999,1,1,True,Critique,628.06,711.79
632,0.04,0,0,True,Faible,405.28,309.04
633,0.0,0,0,True,Faible,8606.91,11216.75
634,0.061,0,0,True,Faible,194.04,189.4
635,0.103,0,0,True,Faible,-2.29,0.0
636,0.974,1,1,True,Critique,843.28,1143.27
637,0.131,0,1,False,Faible,1335.02,1431.78
638,0.024,0,0,True,Faible,401.05,324.24
639,1.0,1,1,True,Critique,214.11,206.98
640,0.001,0,0,True,Faible,1593.17,1421.59
641,0.999,1,1,True,Critique,88.92,89.0
642,0.002,0,0,True,Faible,1159.37,946.36
643,0.992,1,1,True,Critique,319.03,311.26
644,0.086,0,0,True,Faible,385.93,429.84
645,0.978,1,1,True,Critique,508.37,658.26
646,0.0,0,0,True,Faible,4290.77,5352.97
647,0.005,0,0,True,Faible,805.96,558.96
648,0.0,0,0,True,Faible,4630.4,7629.38
649,0.999,1,1,True,Critique,42.19,37.4
650,1.0,1,1,True,Critique,181.12,180.1
651,0.993,1,1,True,Critique,302.31,291.05
652,0.196,0,0,True,Faible,940.42,1010.6
653,0.03,0,0,True,Faible,316.96,307.76
654,0.836,1,0,False,Critique,251.45,247.15
655,0.0,0,0,True,Faible,5346.31,4867.99
656,0.057,0,1,False,Faible,1183.11,1140.93
657,0.013,0,0,True,Faible,772.95,759.17
658,0.004,0,0,True,Faible,2030.24,1456.79
659,0.096,0,0,True,Faible,554.78,675.27
660,0.116,0,0,True,Faible,535.42,380.55
661,0.351,0,1,False,Moyen,180.91,197.95
662,0.024,0,0,True,Faible,348.34,303.09
663,0.887,1,1,True,Critique,211.58,196.0
664,0.889,1,1,True,Critique,607.61,618.09
665,0.086,0,0,True,Faible,438.92,430.5
666,0.008,0,0,True,Faible,796.86,705.12
667,0.0,0,0,True,Faible,8151.87,5845.44
668,0.077,0,0,True,Faible,393.66,347.82
669,0.502,1,0,False,Moyen,443.15,554.65
670,0.302,0,0,True,Moyen,1635.33,1393.06
671,0.184,0,0,True,Faible,3051.26,2574.65
672,0.812,1,1,True,Critique,5596.29,1255.0
673,0.178,0,0,True,Faible,447.92,501.56
674,0.987,1,1,True,Critique,913.97,1092.77
675,0.936,1,1,True,Critique,604.22,562.9
676,0.001,0,0,True,Faible,1114.37,915.3
677,0.002,0,0,True,Faible,989.66,904.33
678,0.034,0,0,True,Faible,863.62,780.43
679,0.016,0,0,True,Faible,4461.16,3665.62
680,0.0,0,0,True,Faible,2931.69,2451.23
681,0.988,1,1,True,Critique,991.64,922.12
682,0.002,0,0,True,Faible,1856.63,2272.4
683,0.859,1,1,True,Critique,386.76,375.0
684,0.749,1,0,False,Élevé,7920.33,2560.0
685,0.002,0,0,True,Faible,2786.71,2780.66
686,0.011,0,0,True,Faible,119.94,108.98
687,0.026,0,1,False,Faible,269.07,254.1
688,0.114,0,0,True,Faible,1861.39,1641.2
689,0.013,0,0,True,Faible,2048.59,2047.0
690,0.657,1,0,False,Élevé,1619.78,1631.77
691,0.996,1,1,True,Critique,75.25,110.38
692,0.675,1,0,False,Élevé,614.21,566.58
693,0.022,0,0,True,Faible,637.33,640.83
694,0.88,1,1,True,Critique,142.09,112.25
695,0.001,0,0,True,Faible,1311.71,1352.04
696,0.696,1,0,False,Élevé,392.15,298.41
697,0.98,1,1,True,Critique,315.25,300.52
698,0.157,0,0,True,Faible,251.11,216.85
699,0.999,1,1,True,Critique,50.8,53.8
700,0.648,1,1,True,Élevé,368.03,393.28
701,0.169,0,0,True,Faible,635.49,640.5
702,0.276,0,1,False,Faible,1510.16,2103.06
703,0.059,0,0,True,Faible,528.05,363.9
704,0.428,0,0,True,Moyen,566.62,513.2
705,0.949,1,1,True,Critique,309.39,270.2
706,0.002,0,0,True,Faible,835.53,348.8
707,0.999,1,1,True,Critique,394.68,377.6
708,0.889,1,0,False,Critique,115.51,191.17
709,0.998,1,1,True,Critique,315.66,316.26
710,0.0,0,0,True,Faible,2449.84,2751.25
711,0.003,0,0,True,Faible,732.31,669.57
712,0.796,1,0,False,Élevé,1281.0,1461.65
713,0.0,0,0,True,Faible,1450.89,1479.22
714,0.836,1,0,False,Critique,797.13,836.33
715,0.244,0,0,True,Faible,1773.04,1888.84
716,0.0,0,0,True,Faible,1522.4,1384.68
717,0.0,0,0,True,Faible,5004.43,5739.46
718,0.671,1,1,True,Élevé,151.24,128.5
719,0.214,0,1,False,Faible,213.66,163.2
720,0.085,0,0,True,Faible,2551.64,2456.8
721,0.0,0,0,True,Faible,11409.24,10736.11
722,1.0,1,1,True,Critique,91.86,90.6
723,0.04,0,0,True,Faible,756.48,760.59
724,0.0,0,0,True,Faible,2357.85,2487.02
725,0.097,0,0,True,Faible,2227.62,2273.32
726,0.91,1,1,True,Critique,1024.92,999.7
727,0.548,1,0,False,Moyen,440.43,319.82
728,0.0,0,0,True,Faible,623.39,344.0
729,0.594,1,0,False,Moyen,70.67,34.8
730,0.202,0,0,True,Faible,533.9,680.18
731,0.972,1,1,True,Critique,377.8,365.29
732,0.996,1,1,True,Critique,108.3,101.34
733,0.996,1,1,True,Critique,78.67,75.66
734,0.993,1,1,True,Critique,364.92,342.92
735,0.02,0,0,True,Faible,793.56,732.07
736,0.162,0,0,True,Faible,428.08,385.87
737,0.072,0,0,True,Faible,104.86,95.34
738,0.0,0,0,True,Faible,1023.54,1123.86
739,0.002,0,0,True,Faible,2414.08,1648.79
740,0.005,0,0,True,Faible,132.0,131.94
741,0.002,0,0,True,Faible,106.02,98.42
742,0.999,1,1,True,Critique,629.47,603.42
743,0.4,0,1,False,Moyen,159.48,161.0
744,0.025,0,0,True,Faible,986.45,761.33
745,0.15,0,0,True,Faible,1670.77,1227.43
746,0.002,0,0,True,Faible,604.89,635.41
747,0.132,0,0,True,Faible,1112.76,1459.86
748,0.267,0,0,True,Faible,762.69,747.03
749,0.937,1,1,True,Critique,1203.82,852.12
750,0.001,0,0,True,Faible,1761.28,1603.87
751,0.024,0,0,True,Faible,639.33,538.46
752,0.39,0,1,False,Moyen,798.95,783.9
753,0.072,0,0,True,Faible,2072.33,1550.13
754,0.032,0,0,True,Faible,41.92,35.4
755,0.289,0,1,False,Faible,2289.65,2372.86
756,0.0,0,0,True,Faible,7338.26,9114.94
757,0.969,1,0,False,Critique,505.98,421.52
758,0.123,0,0,True,Faible,2190.69,2925.91
759,0.055,0,0,True,Faible,599.33,565.58
760,0.247,0,0,True,Faible,2450.41,2622.57
761,0.029,0,0,True,Faible,468.57,463.66
762,0.211,0,0,True,Faible,1224.58,1545.41
763,0.0,0,0,True,Faible,973.49,841.2
764,0.0,0,0,True,Faible,9959.14,7187.34
765,0.893,1,0,False,Critique,301.16,212.54
766,0.077,0,1,False,Faible,226.3,230.25
767,0.007,0,0,True,Faible,1226.32,1030.14
768,0.002,0,0,True,Faible,2474.25,2269.21
769,0.858,1,0,False,Critique,738.89,646.3
770,0.78,1,0,False,Élevé,406.27,361.25
771,0.0,0,0,True,Faible,4561.48,3911.56
772,0.994,1,1,True,Critique,102.86,103.25
773,0.989,1,1,True,Critique,992.75,1503.5
774,0.936,1,0,False,Critique,553.99,531.35
775,0.008,0,0,True,Faible,1003.45,955.24
776,0.0,0,0,True,Faible,2387.97,2295.31
777,0.993,1,1,True,Critique,154.76,151.42
778,0.92,1,1,True,Critique,-51.18,-50.1
779,0.333,0,1,False,Moyen,96.49,87.4
780,0.0,0,0,True,Faible,1655.29,1382.02
781,0.864,1,0,False,Critique,1032.04,1100.47
782,0.018,0,0,True,Faible,958.05,869.87
783,0.001,0,0,True,Faible,1426.79,1201.51
784,0.121,0,1,False,Faible,1927.95,2369.16
785,0.986,1,1,True,Critique,155.73,152.68
786,0.0,0,0,True,Faible,14079.52,51823.72
787,0.028,0,0,True,Faible,609.53,598.2
788,0.0,0,0,True,Faible,3891.58,4204.1
789,0.006,0,0,True,Faible,216.86,225.85
790,0.237,0,0,True,Faible,443.34,422.58
791,0.663,1,0,False,Élevé,760.31,801.51
792,1.0,1,1,True,Critique,143.66,142.5
793,0.953,1,1,True,Critique,450.68,405.38
794,0.002,0,0,True,Faible,762.4,679.44
795,0.957,1,1,True,Critique,1563.67,1784.71
796,0.015,0,1,False,Faible,338.52,272.38
797,0.018,0,1,False,Faible,56.58,56.25
798,0.023,0,0,True,Faible,411.19,379.65
799,0.409,0,1,False,Moyen,-269.77,-227.44
800,0.016,0,0,True,Faible,329.12,400.86
801,0.73,1,1,True,Élevé,252.03,201.19
802,0.004,0,0,True,Faible,98.98,95.85
803,0.993,1,1,True,Critique,94.48,94.0
804,0.0,0,0,True,Faible,5056.76,8727.61
805,0.359,0,0,True,Moyen,251.57,213.96
806,0.547,1,1,True,Moyen,196.96,182.96
807,0.995,1,1,True,Critique,554.43,535.34
808,0.328,0,0,True,Moyen,812.85,917.07
809,0.119,0,0,True,Faible,684.65,777.53
810,0.009,0,0,True,Faible,313.75,316.68
811,0.563,1,1,True,Moyen,379.25,296.75
812,1.0,1,1,True,Critique,268.63,265.85
813,0.203,0,0,True,Faible,12729.13,16293.1
814,0.081,0,0,True,Faible,2664.09,2965.69
815,0.934,1,1,True,Critique,28.06,17.0
816,0.483,0,0,True,Moyen,924.86,628.78
817,0.135,0,0,True,Faible,859.68,761.83
818,0.004,0,0,True,Faible,1673.52,1346.97
819,0.0,0,0,True,Faible,5235.74,5585.49
820,0.094,0,0,True,Faible,1015.79,1163.45
821,1.0,1,1,True,Critique,134.52,134.8
822,0.356,0,1,False,Moyen,136.08,135.95
823,0.338,0,0,True,Moyen,287.46,271.2
824,0.085,0,0,True,Faible,668.9,551.54
825,0.926,1,1,True,Critique,-31.45,-30.6
826,0.001,0,0,True,Faible,640.7,544.18
827,0.88,1,0,False,Critique,1051.48,1084.34
828,0.99,1,1,True,Critique,360.26,296.88
829,0.917,1,1,True,Critique,737.86,725.64
830,0.677,1,1,True,Élevé,142.85,138.32
831,0.429,0,1,False,Moyen,478.63,372.5
832,0.0,0,0,True,Faible,9445.11,9537.92
833,0.816,1,0,False,Critique,227.65,216.39
834,0.057,0,0,True,Faible,163.53,161.2
835,0.996,1,1,True,Critique,186.57,183.4
836,0.0,0,0,True,Faible,14225.28,88125.38
837,0.057,0,0,True,Faible,1810.11,1708.12
838,0.033,0,0,True,Faible,460.03,430.15
839,0.0,0,0,True,Faible,1486.91,729.27
840,0.325,0,0,True,Moyen,3759.67,7330.8
841,0.029,0,0,True,Faible,356.64,350.9
842,0.039,0,0,True,Faible,448.54,389.64
843,0.034,0,1,False,Faible,2930.91,5288.63
844,0.993,1,1,True,Critique,136.02,135.93
845,0.404,0,1,False,Moyen,814.56,1000.27
846,0.0,0,0,True,Faible,4919.35,4061.24
847,0.001,0,0,True,Faible,621.31,593.61
848,0.008,0,1,False,Faible,577.58,588.13
849,0.449,0,0,True,Moyen,1512.4,2357.68
850,0.028,0,0,True,Faible,2116.41,1393.79
851,0.921,1,1,True,Critique,234.17,207.8
852,0.12,0,0,True,Faible,1510.64,1598.24
853,0.146,0,0,True,Faible,408.34,458.04
854,0.003,0,0,True,Faible,177.91,161.0
855,0.059,0,0,True,Faible,822.65,756.64
856,0.392,0,0,True,Moyen,981.36,1026.42
857,0.017,0,1,False,Faible,812.18,668.61
858,0.039,0,0,True,Faible,171.11,155.24
859,0.004,0,0,True,Faible,1130.83,1214.72
860,0.141,0,0,True,Faible,1068.46,1051.95
861,0.984,1,0,False,Critique,958.93,1096.32
862,0.02,0,0,True,Faible,746.78,772.9
863,0.031,0,0,True,Faible,694.68,697.04
864,0.0,0,0,True,Faible,6623.49,6814.24
865,0.022,0,0,True,Faible,1436.4,1139.35
866,0.064,0,0,True,Faible,528.06,440.0
867,0.283,0,0,True,Faible,79.66,40.95
868,0.071,0,0,True,Faible,2157.59,924.6
869,0.128,0,0,True,Faible,116.37,114.23
870,1.0,1,1,True,Critique,584.47,574.02
871,0.002,0,0,True,Faible,656.84,612.01
872,0.09,0,0,True,Faible,2454.99,2464.89
873,0.097,0,0,True,Faible,3200.46,3049.88
874,0.994,1,1,True,Critique,74.42,73.5
